timestamp,generation,improvements_count,active_loops,agents_running,maat_alignment_score,research_sources,novel_thoughts,errors_detected,errors_fixed,conversion_rate
2026-03-07T00:00:00,1,5,10,1,0.85,5,2,10,8,0.65
2026-03-07T06:00:00,15,8,12,2,0.88,7,5,15,12,0.68
2026-03-07T12:00:00,28,10,15,2,0.90,8,8,20,18,0.70
2026-03-07T18:00:00,42,12,17,3,0.92,10,12,25,22,0.71
2026-03-08T00:00:00,55,14,18,3,0.93,11,15,30,28,0.72
2026-03-08T06:00:00,68,15,19,4,0.94,12,18,35,32,0.73
2026-03-08T12:00:00,75,16,20,4,0.95,13,20,38,35,0.74
2026-03-08T18:00:00,82,17,20,4,0.96,14,22,40,38,0.75
2026-03-09T00:00:00,88,18,20,5,0.97,14,24,42,40,0.76
2026-03-09T06:00:00,92,19,20,5,0.98,15,26,44,42,0.77
2026-03-09T12:00:00,96,20,20,5,0.99,15,28,45,44,0.78
2026-03-09T18:00:00,99,21,20,5,1.00,15,30,46,45,0.79
2026-03-10T00:00:00,101,22,20,5,1.00,15,32,47,46,0.80
2026-03-10T12:00:00,103,23,20,5,1.00,15,34,48,47,0.80
2026-03-11T00:00:00,104,24,20,5,1.00,15,35,48,48,0.81
2026-03-12T00:00:00,104,25,20,5,1.00,15,36,49,49,0.82
2026-03-13T00:00:00,105,26,20,5,1.00,15,38,50,50,0.85
